SET FOREIGN_KEY_CHECKS = 0;
DELETE FROM cita;
DELETE FROM entradahorari;
DELETE FROM metgeespecialitat;
DELETE FROM metge;
DELETE FROM especialitat;
DELETE FROM persona;
SET FOREIGN_KEY_CHECKS = 1;

INSERT INTO especialitat VALUES (1, 'Cardiologia');
INSERT INTO especialitat VALUES (2, 'Dermatologia');
INSERT INTO especialitat VALUES (3, 'Endocrinologia');
INSERT INTO especialitat VALUES (4, 'Ginecologia');
INSERT INTO especialitat VALUES (5, 'Neurologia');
INSERT INTO especialitat VALUES (6, 'Oftalmologia');
INSERT INTO especialitat VALUES (7, 'Ortopedia');
INSERT INTO especialitat VALUES (8, 'Pediatria');
INSERT INTO especialitat VALUES (9, 'Psicologia');
INSERT INTO especialitat VALUES (10, 'Radiologia');

INSERT INTO persona VALUES ('49241025A', 'Fran', 'Pérez', 'Fernández', '1997-09-17', 'Carrer Major 12', 'Capellades', 'M', 'fran', 'fran');
INSERT INTO persona VALUES ('12345678A', 'Alex', 'Ortiz', 'Sánchez', '1985-08-20', 'Carrer del Sol 5', 'Girona', 'M', 'demo', 'demo');
INSERT INTO persona VALUES ('65432198C', 'Laura', 'Rodríguez', 'Vila', '1992-02-15', 'Avinguda Sant Jordi 8', 'Tarragona', 'F', 'laurar', 'qwerty');
INSERT INTO persona VALUES ('78901234D', 'Carles', 'López', 'Garriga', '1988-11-25', 'Plaça Major 3', 'Lleida', 'M', 'carlesl', 'password');
INSERT INTO persona VALUES ('54321098E', 'Clara', 'Soler', 'Pujol', '1995-06-18', 'Carrer Gran 20', 'Reus', 'F', 'claras', 'abc123');
INSERT INTO persona VALUES ('10293847F', 'David', 'Martí', 'Serra', '1991-09-30', 'Avinguda Diagonal 45', 'Barcelona', 'M', 'davidm', 'pass123');
INSERT INTO persona VALUES ('38476529G', 'Sara', 'Fernández', 'Ruiz', '1987-04-08', 'Carrer Sant Pere 15', 'Girona', 'F', 'sarafr', 'password123');
INSERT INTO persona VALUES ('67584920H', 'Jordi', 'González', 'López', '1993-12-05', 'Plaça del Sol 6', 'Tarragona', 'M', 'jordig', 'pass456');
INSERT INTO persona VALUES ('90875643I', 'Marina', 'Pons', 'Serra', '1998-03-22', 'Carrer Major 10', 'Lleida', 'F', 'marinap', 'abcdefg');
INSERT INTO persona VALUES ('46372819J', 'Pau', 'Roca', 'Giménez', '1994-07-12', 'Avinguda Sant Jordi 6', 'Reus', 'M', 'pauro', 'qwerty123');
INSERT INTO persona VALUES ('98765431K', 'Laia', 'Sánchez', 'López', '1994-09-12', 'Carrer del Sol 8', 'Barcelona', 'F', 'laias', 'pass123');
INSERT INTO persona VALUES ('12345679L', 'Hugo', 'Fernández', 'García', '1990-07-15', 'Carrer Major 5', 'Girona', 'M', 'hugof', 'qwerty123');
INSERT INTO persona VALUES ('45678910M', 'Emma', 'Martínez', 'Pérez', '1993-03-20', 'Avinguda Sant Jordi 10', 'Tarragona', 'F', 'emmap', 'abcdefg123');
INSERT INTO persona VALUES ('78901233N', 'Gael', 'López', 'Soler', '1988-11-05', 'Plaça Major 5', 'Lleida', 'M', 'gaell', 'password456');
INSERT INTO persona VALUES ('54321097O', 'Aina', 'Rodríguez', 'Vila', '1995-06-28', 'Carrer Gran 18', 'Reus', 'F', 'ainar', 'abc123456');

INSERT INTO metge VALUES ('49241025A', 101);
INSERT INTO metge VALUES ('65432198C', 102);
INSERT INTO metge VALUES ('54321098E', 103);
INSERT INTO metge VALUES ('67584920H', 104);
INSERT INTO metge VALUES ('46372819J', 105);

INSERT INTO cita VALUES (101, '12345678A', '2023-05-24 10:00:00', 'Mal de cap persistent');
INSERT INTO cita VALUES (102, '90875643I', '2023-05-24 11:30:00', 'Dolor abdominal crònic');
INSERT INTO cita VALUES (101, '65432198C', '2023-05-25 09:00:00', 'Febre inexplicada prolongada');
INSERT INTO cita VALUES (104, '78901234D', '2023-05-25 14:00:00', 'Problemes respiratoris recurrents');
INSERT INTO cita VALUES (105, '54321098E', '2023-05-26 12:00:00', 'Marejos i vertígens freqüents');
INSERT INTO cita (Cita_Metge_CodiEmpleat, Cita_Persona_NIF, Cita_DataHora) VALUES (101, '10293847F', '2023-05-26 15:30:00');
INSERT INTO cita VALUES (101, '38476529G', '2023-05-27 10:30:00', 'Problemes de visió súbits');
INSERT INTO cita VALUES (101, '12345678A', '2023-05-27 16:00:00', 'Fatiga crònica persistent');
INSERT INTO cita VALUES (101, '12345678A', '2023-05-28 11:00:00', 'Trastorns digestius recurrents');
INSERT INTO cita VALUES (101, '46372819J', '2023-05-28 14:30:00', 'Problemes dermatològics persistents');
INSERT INTO cita VALUES (101, '10293847F', '2023-05-16 15:30:00', 'Tos persistent i crònica');
INSERT INTO cita VALUES (101, '38476529G', '2023-05-15 10:30:00', 'Pèrdua de pes inexplicada');
INSERT INTO cita (Cita_Metge_CodiEmpleat, Cita_Persona_NIF, Cita_DataHora) VALUES (101, '67584920H', '2023-05-30 16:00:00');
INSERT INTO cita (Cita_Metge_CodiEmpleat, Cita_Persona_NIF, Cita_DataHora) VALUES (101, '12345678A', '2023-05-31 11:00:00');
INSERT INTO cita (Cita_Metge_CodiEmpleat, Cita_Persona_NIF, Cita_DataHora) VALUES (101, '46372819J', '2023-05-29 14:30:00');

INSERT INTO metgeespecialitat VALUES (1, 101);
INSERT INTO metgeespecialitat VALUES (2, 101);
INSERT INTO metgeespecialitat VALUES (3, 101);
INSERT INTO metgeespecialitat VALUES (4, 101);
INSERT INTO metgeespecialitat VALUES (5, 101);
INSERT INTO metgeespecialitat VALUES (1, 102);
INSERT INTO metgeespecialitat VALUES (2, 102);
INSERT INTO metgeespecialitat VALUES (3, 104);
INSERT INTO metgeespecialitat VALUES (4, 104);
INSERT INTO metgeespecialitat VALUES (5, 105);


INSERT INTO entradahorari VALUES (101, '2000-01-01 10:30:00', 'Dilluns', 1);
INSERT INTO entradahorari VALUES (101, '2000-01-01 14:00:00', 'Dilluns', 1);
INSERT INTO entradahorari VALUES (101, '2000-01-01 15:00:00', 'Dilluns', 1);
INSERT INTO entradahorari VALUES (101, '2000-01-01 12:00:00', 'Dimarts', 2);
INSERT INTO entradahorari VALUES (101, '2000-01-01 15:30:00', 'Dimarts', 2);
INSERT INTO entradahorari VALUES (101, '2000-01-01 10:00:00', 'Dimarts', 2);
INSERT INTO entradahorari VALUES (101, '2000-01-01 11:00:00', 'Dimecres', 3);
INSERT INTO entradahorari VALUES (101, '2000-01-01 09:00:00', 'Dimecres', 3);
INSERT INTO entradahorari VALUES (101, '2000-01-01 10:00:00', 'Dimecres', 3);
INSERT INTO entradahorari VALUES (101, '2000-01-01 08:00:00', 'Dijous', 4);
INSERT INTO entradahorari VALUES (101, '2000-01-01 08:30:00', 'Dijous', 4);
INSERT INTO entradahorari VALUES (101, '2000-01-01 09:00:00', 'Dijous', 4);
INSERT INTO entradahorari VALUES (101, '2000-01-01 13:00:00', 'Divendres', 5);
INSERT INTO entradahorari VALUES (101, '2000-01-01 13:30:00', 'Divendres', 5);
INSERT INTO entradahorari VALUES (101, '2000-01-01 14:00:00', 'Divendres', 5);
INSERT INTO entradahorari VALUES (101, '2000-01-01 10:30:00', 'Dissabte', 1);
INSERT INTO entradahorari VALUES (101, '2000-01-01 16:00:00', 'Dissabte', 2);
INSERT INTO entradahorari VALUES (101, '2000-01-01 17:00:00', 'Dissabte', 3);
INSERT INTO entradahorari VALUES (101, '2000-01-01 11:00:00', 'Diumenge', 4);
INSERT INTO entradahorari VALUES (101, '2000-01-01 12:00:00', 'Diumenge', 5);
INSERT INTO entradahorari VALUES (101, '2000-01-01 14:30:00', 'Diumenge', 5);
INSERT INTO entradahorari VALUES (102, '2000-01-01 08:00:00', 'Dimecres', 1);
INSERT INTO entradahorari VALUES (102, '2000-01-01 09:00:00', 'Dimecres', 2);
INSERT INTO entradahorari VALUES (102, '2000-01-01 10:00:00', 'Dimecres', 2);
INSERT INTO entradahorari VALUES (104, '2000-01-01 14:30:00', 'Dijous', 4);
INSERT INTO entradahorari VALUES (104, '2000-01-01 14:00:00', 'Dijous', 4);
INSERT INTO entradahorari VALUES (105, '2000-01-01 11:00:00', 'Divendres', 5);
INSERT INTO entradahorari VALUES (105, '2000-01-01 12:00:00', 'Divendres', 5);
